ID,Count
18288,501.0
18289,477.0
18290,451.0
18291,420.0
18292,380.0
18293,331.0
18294,279.0
18295,232.0
18296,187.0
18297,147.0
18298,119.0
18299,103.0
18300,96.0
18301,93.0
18302,93.0
18303,93.0
18304,93.0
18305,92.0
18306,90.0
18307,86.0
18308,81.0
18309,76.0
18310,71.0
18311,67.0
18312,64.0
18313,61.0
18314,59.0
18315,57.0
18316,55.0
18317,53.0
18318,51.0
18319,49.0
18320,47.0
18321,45.0
18322,43.0
18323,42.0
18324,40.0
18325,39.0
18326,38.0
18327,37.0
18328,36.0
18329,35.0
18330,34.0
18331,33.0
18332,32.0
18333,31.0
18334,30.0
18335,29.0
18336,28.0
18337,27.0
18338,26.0
18339,26.0
18340,25.0
18341,24.0
18342,24.0
18343,23.0
18344,22.0
18345,22.0
18346,21.0
18347,21.0
18348,20.0
18349,20.0
18350,19.0
18351,19.0
18352,18.0
18353,18.0
18354,17.0
18355,17.0
18356,16.0
18357,16.0
18358,16.0
18359,15.0
18360,15.0
18361,15.0
18362,15.0
18363,14.0
18364,14.0
18365,14.0
18366,14.0
18367,14.0
18368,14.0
18369,14.0
18370,14.0
18371,13.0
18372,13.0
18373,13.0
18374,13.0
18375,13.0
18376,13.0
18377,13.0
18378,13.0
18379,13.0
18380,13.0
18381,13.0
18382,13.0
18383,13.0
18384,13.0
18385,13.0
18386,13.0
18387,13.0
18388,13.0
18389,13.0
18390,13.0
18391,13.0
18392,13.0
18393,13.0
18394,13.0
18395,13.0
18396,13.0
18397,13.0
18398,13.0
18399,13.0
18400,13.0
18401,13.0
18402,13.0
18403,13.0
18404,13.0
18405,13.0
18406,13.0
18407,13.0
18408,13.0
18409,13.0
18410,13.0
18411,13.0
18412,13.0
18413,13.0
18414,13.0
18415,13.0
18416,13.0
18417,13.0
18418,13.0
18419,13.0
18420,13.0
18421,13.0
18422,13.0
18423,13.0
18424,13.0
18425,13.0
18426,13.0
18427,13.0
18428,13.0
18429,13.0
18430,13.0
18431,13.0
18432,13.0
18433,13.0
18434,13.0
18435,13.0
18436,13.0
18437,13.0
18438,13.0
18439,13.0
18440,13.0
18441,13.0
18442,13.0
18443,13.0
18444,13.0
18445,13.0
18446,13.0
18447,13.0
18448,13.0
18449,13.0
18450,13.0
18451,13.0
18452,13.0
18453,13.0
18454,13.0
18455,13.0
18456,13.0
18457,13.0
18458,13.0
18459,13.0
18460,13.0
18461,13.0
18462,13.0
18463,13.0
18464,13.0
18465,13.0
18466,13.0
18467,13.0
18468,13.0
18469,13.0
18470,13.0
18471,13.0
18472,13.0
18473,13.0
18474,13.0
18475,13.0
18476,13.0
18477,13.0
18478,13.0
18479,13.0
18480,13.0
18481,13.0
18482,13.0
18483,13.0
18484,13.0
18485,13.0
18486,13.0
18487,13.0
18488,13.0
18489,13.0
18490,13.0
18491,13.0
18492,13.0
18493,13.0
18494,13.0
18495,13.0
18496,13.0
18497,13.0
18498,13.0
18499,13.0
18500,13.0
18501,13.0
18502,13.0
18503,13.0
18504,13.0
18505,13.0
18506,13.0
18507,13.0
18508,13.0
18509,13.0
18510,13.0
18511,13.0
18512,13.0
18513,13.0
18514,13.0
18515,13.0
18516,13.0
18517,13.0
18518,13.0
18519,13.0
18520,13.0
18521,13.0
18522,13.0
18523,13.0
18524,13.0
18525,13.0
18526,13.0
18527,13.0
18528,13.0
18529,13.0
18530,13.0
18531,13.0
18532,13.0
18533,13.0
18534,13.0
18535,13.0
18536,13.0
18537,13.0
18538,13.0
18539,13.0
18540,13.0
18541,13.0
18542,13.0
18543,13.0
18544,13.0
18545,13.0
18546,13.0
18547,13.0
18548,13.0
18549,13.0
18550,13.0
18551,13.0
18552,13.0
18553,13.0
18554,13.0
18555,13.0
18556,13.0
18557,13.0
18558,13.0
18559,13.0
18560,13.0
18561,13.0
18562,13.0
18563,13.0
18564,13.0
18565,13.0
18566,13.0
18567,13.0
18568,13.0
18569,13.0
18570,13.0
18571,13.0
18572,13.0
18573,13.0
18574,13.0
18575,13.0
18576,13.0
18577,13.0
18578,13.0
18579,13.0
18580,13.0
18581,13.0
18582,13.0
18583,13.0
18584,13.0
18585,13.0
18586,13.0
18587,13.0
18588,13.0
18589,13.0
18590,13.0
18591,13.0
18592,13.0
18593,13.0
18594,13.0
18595,13.0
18596,13.0
18597,13.0
18598,13.0
18599,13.0
18600,13.0
18601,13.0
18602,13.0
18603,13.0
18604,13.0
18605,13.0
18606,13.0
18607,13.0
18608,13.0
18609,13.0
18610,13.0
18611,13.0
18612,13.0
18613,13.0
18614,13.0
18615,13.0
18616,13.0
18617,13.0
18618,13.0
18619,13.0
18620,13.0
18621,13.0
18622,13.0
18623,13.0
18624,13.0
18625,13.0
18626,13.0
18627,13.0
18628,13.0
18629,13.0
18630,13.0
18631,13.0
18632,13.0
18633,13.0
18634,13.0
18635,13.0
18636,13.0
18637,13.0
18638,13.0
18639,13.0
18640,13.0
18641,13.0
18642,13.0
18643,13.0
18644,13.0
18645,13.0
18646,13.0
18647,13.0
18648,13.0
18649,13.0
18650,13.0
18651,13.0
18652,13.0
18653,13.0
18654,13.0
18655,13.0
18656,13.0
18657,13.0
18658,13.0
18659,13.0
18660,13.0
18661,13.0
18662,13.0
18663,13.0
18664,13.0
18665,13.0
18666,13.0
18667,13.0
18668,13.0
18669,13.0
18670,13.0
18671,13.0
18672,13.0
18673,13.0
18674,13.0
18675,13.0
18676,13.0
18677,13.0
18678,13.0
18679,13.0
18680,13.0
18681,13.0
18682,13.0
18683,13.0
18684,13.0
18685,13.0
18686,13.0
18687,13.0
18688,13.0
18689,13.0
18690,13.0
18691,13.0
18692,13.0
18693,13.0
18694,13.0
18695,13.0
18696,13.0
18697,13.0
18698,13.0
18699,13.0
18700,13.0
18701,13.0
18702,13.0
18703,13.0
18704,13.0
18705,13.0
18706,13.0
18707,13.0
18708,13.0
18709,13.0
18710,13.0
18711,13.0
18712,13.0
18713,13.0
18714,13.0
18715,13.0
18716,13.0
18717,13.0
18718,13.0
18719,13.0
18720,13.0
18721,13.0
18722,13.0
18723,13.0
18724,13.0
18725,13.0
18726,13.0
18727,13.0
18728,13.0
18729,13.0
18730,13.0
18731,13.0
18732,13.0
18733,13.0
18734,13.0
18735,13.0
18736,13.0
18737,13.0
18738,13.0
18739,13.0
18740,13.0
18741,13.0
18742,13.0
18743,13.0
18744,13.0
18745,13.0
18746,13.0
18747,13.0
18748,13.0
18749,13.0
18750,13.0
18751,13.0
18752,13.0
18753,13.0
18754,13.0
18755,13.0
18756,13.0
18757,13.0
18758,13.0
18759,13.0
18760,13.0
18761,13.0
18762,13.0
18763,13.0
18764,13.0
18765,13.0
18766,13.0
18767,13.0
18768,13.0
18769,13.0
18770,13.0
18771,13.0
18772,13.0
18773,13.0
18774,13.0
18775,13.0
18776,13.0
18777,13.0
18778,13.0
18779,13.0
18780,13.0
18781,13.0
18782,13.0
18783,13.0
18784,13.0
18785,13.0
18786,13.0
18787,13.0
18788,13.0
18789,13.0
18790,13.0
18791,13.0
18792,13.0
18793,13.0
18794,13.0
18795,13.0
18796,13.0
18797,13.0
18798,13.0
18799,13.0
18800,13.0
18801,13.0
18802,13.0
18803,13.0
18804,13.0
18805,13.0
18806,13.0
18807,13.0
18808,13.0
18809,13.0
18810,13.0
18811,13.0
18812,13.0
18813,13.0
18814,13.0
18815,13.0
18816,13.0
18817,13.0
18818,13.0
18819,13.0
18820,13.0
18821,13.0
18822,13.0
18823,13.0
18824,13.0
18825,13.0
18826,13.0
18827,13.0
18828,13.0
18829,13.0
18830,13.0
18831,13.0
18832,13.0
18833,13.0
18834,13.0
18835,13.0
18836,13.0
18837,13.0
18838,13.0
18839,13.0
18840,13.0
18841,13.0
18842,13.0
18843,13.0
18844,13.0
18845,13.0
18846,13.0
18847,13.0
18848,13.0
18849,13.0
18850,13.0
18851,13.0
18852,13.0
18853,13.0
18854,13.0
18855,13.0
18856,13.0
18857,13.0
18858,13.0
18859,13.0
18860,13.0
18861,13.0
18862,13.0
18863,13.0
18864,13.0
18865,13.0
18866,13.0
18867,13.0
18868,13.0
18869,13.0
18870,13.0
18871,13.0
18872,13.0
18873,13.0
18874,13.0
18875,13.0
18876,13.0
18877,13.0
18878,13.0
18879,13.0
18880,13.0
18881,13.0
18882,13.0
18883,13.0
18884,13.0
18885,13.0
18886,13.0
18887,13.0
18888,13.0
18889,13.0
18890,13.0
18891,13.0
18892,13.0
18893,13.0
18894,13.0
18895,13.0
18896,13.0
18897,13.0
18898,13.0
18899,13.0
18900,13.0
18901,13.0
18902,13.0
18903,13.0
18904,13.0
18905,13.0
18906,13.0
18907,13.0
18908,13.0
18909,13.0
18910,13.0
18911,13.0
18912,13.0
18913,13.0
18914,13.0
18915,13.0
18916,13.0
18917,13.0
18918,13.0
18919,13.0
18920,13.0
18921,13.0
18922,13.0
18923,13.0
18924,13.0
18925,13.0
18926,13.0
18927,13.0
18928,13.0
18929,13.0
18930,13.0
18931,13.0
18932,13.0
18933,13.0
18934,13.0
18935,13.0
18936,13.0
18937,13.0
18938,13.0
18939,13.0
18940,13.0
18941,13.0
18942,13.0
18943,13.0
18944,13.0
18945,13.0
18946,13.0
18947,13.0
18948,13.0
18949,13.0
18950,13.0
18951,13.0
18952,13.0
18953,13.0
18954,13.0
18955,13.0
18956,13.0
18957,13.0
18958,13.0
18959,13.0
18960,13.0
18961,13.0
18962,13.0
18963,13.0
18964,13.0
18965,13.0
18966,13.0
18967,13.0
18968,13.0
18969,13.0
18970,13.0
18971,13.0
18972,13.0
18973,13.0
18974,13.0
18975,13.0
18976,13.0
18977,13.0
18978,13.0
18979,13.0
18980,13.0
18981,13.0
18982,13.0
18983,13.0
18984,13.0
18985,13.0
18986,13.0
18987,13.0
18988,13.0
18989,13.0
18990,13.0
18991,13.0
18992,13.0
18993,13.0
18994,13.0
18995,13.0
18996,13.0
18997,13.0
18998,13.0
18999,13.0
19000,13.0
19001,13.0
19002,13.0
19003,13.0
19004,13.0
19005,13.0
19006,13.0
19007,13.0
19008,13.0
19009,13.0
19010,13.0
19011,13.0
19012,13.0
19013,13.0
19014,13.0
19015,13.0
19016,13.0
19017,13.0
19018,13.0
19019,13.0
19020,13.0
19021,13.0
19022,13.0
19023,13.0
19024,13.0
19025,13.0
19026,13.0
19027,13.0
19028,13.0
19029,13.0
19030,13.0
19031,13.0
19032,13.0
19033,13.0
19034,13.0
19035,13.0
19036,13.0
19037,13.0
19038,13.0
19039,13.0
19040,13.0
19041,13.0
19042,13.0
19043,13.0
19044,13.0
19045,13.0
19046,13.0
19047,13.0
19048,13.0
19049,13.0
19050,13.0
19051,13.0
19052,13.0
19053,13.0
19054,13.0
19055,13.0
19056,13.0
19057,13.0
19058,13.0
19059,13.0
19060,13.0
19061,13.0
19062,13.0
19063,13.0
19064,13.0
19065,13.0
19066,13.0
19067,13.0
19068,13.0
19069,13.0
19070,13.0
19071,13.0
19072,13.0
19073,13.0
19074,13.0
19075,13.0
19076,13.0
19077,13.0
19078,13.0
19079,13.0
19080,13.0
19081,13.0
19082,13.0
19083,13.0
19084,13.0
19085,13.0
19086,13.0
19087,13.0
19088,13.0
19089,13.0
19090,13.0
19091,13.0
19092,13.0
19093,13.0
19094,13.0
19095,13.0
19096,13.0
19097,13.0
19098,13.0
19099,13.0
19100,13.0
19101,13.0
19102,13.0
19103,13.0
19104,13.0
19105,13.0
19106,13.0
19107,13.0
19108,13.0
19109,13.0
19110,13.0
19111,13.0
19112,13.0
19113,13.0
19114,13.0
19115,13.0
19116,13.0
19117,13.0
19118,13.0
19119,13.0
19120,13.0
19121,13.0
19122,13.0
19123,13.0
19124,13.0
19125,13.0
19126,13.0
19127,13.0
19128,13.0
19129,13.0
19130,13.0
19131,13.0
19132,13.0
19133,13.0
19134,13.0
19135,13.0
19136,13.0
19137,13.0
19138,13.0
19139,13.0
19140,13.0
19141,13.0
19142,13.0
19143,13.0
19144,13.0
19145,13.0
19146,13.0
19147,13.0
19148,13.0
19149,13.0
19150,13.0
19151,13.0
19152,13.0
19153,13.0
19154,13.0
19155,13.0
19156,13.0
19157,13.0
19158,13.0
19159,13.0
19160,13.0
19161,13.0
19162,13.0
19163,13.0
19164,13.0
19165,13.0
19166,13.0
19167,13.0
19168,13.0
19169,13.0
19170,13.0
19171,13.0
19172,13.0
19173,13.0
19174,13.0
19175,13.0
19176,13.0
19177,13.0
19178,13.0
19179,13.0
19180,13.0
19181,13.0
19182,13.0
19183,13.0
19184,13.0
19185,13.0
19186,13.0
19187,13.0
19188,13.0
19189,13.0
19190,13.0
19191,13.0
19192,13.0
19193,13.0
19194,13.0
19195,13.0
19196,13.0
19197,13.0
19198,13.0
19199,13.0
19200,13.0
19201,13.0
19202,13.0
19203,13.0
19204,13.0
19205,13.0
19206,13.0
19207,13.0
19208,13.0
19209,13.0
19210,13.0
19211,13.0
19212,13.0
19213,13.0
19214,13.0
19215,13.0
19216,13.0
19217,13.0
19218,13.0
19219,13.0
19220,13.0
19221,13.0
19222,13.0
19223,13.0
19224,13.0
19225,13.0
19226,13.0
19227,13.0
19228,13.0
19229,13.0
19230,13.0
19231,13.0
19232,13.0
19233,13.0
19234,13.0
19235,13.0
19236,13.0
19237,13.0
19238,13.0
19239,13.0
19240,13.0
19241,13.0
19242,13.0
19243,13.0
19244,13.0
19245,13.0
19246,13.0
19247,13.0
19248,13.0
19249,13.0
19250,13.0
19251,13.0
19252,13.0
19253,13.0
19254,13.0
19255,13.0
19256,13.0
19257,13.0
19258,13.0
19259,13.0
19260,13.0
19261,13.0
19262,13.0
19263,13.0
19264,13.0
19265,13.0
19266,13.0
19267,13.0
19268,13.0
19269,13.0
19270,13.0
19271,13.0
19272,13.0
19273,13.0
19274,13.0
19275,13.0
19276,13.0
19277,13.0
19278,13.0
19279,13.0
19280,13.0
19281,13.0
19282,13.0
19283,13.0
19284,13.0
19285,13.0
19286,13.0
19287,13.0
19288,13.0
19289,13.0
19290,13.0
19291,13.0
19292,13.0
19293,13.0
19294,13.0
19295,13.0
19296,13.0
19297,13.0
19298,13.0
19299,13.0
19300,13.0
19301,13.0
19302,13.0
19303,13.0
19304,13.0
19305,13.0
19306,13.0
19307,13.0
19308,13.0
19309,13.0
19310,13.0
19311,13.0
19312,13.0
19313,13.0
19314,13.0
19315,13.0
19316,13.0
19317,13.0
19318,13.0
19319,13.0
19320,13.0
19321,13.0
19322,13.0
19323,13.0
19324,13.0
19325,13.0
19326,13.0
19327,13.0
19328,13.0
19329,13.0
19330,13.0
19331,13.0
19332,13.0
19333,13.0
19334,13.0
19335,13.0
19336,13.0
19337,13.0
19338,13.0
19339,13.0
19340,13.0
19341,13.0
19342,13.0
19343,13.0
19344,13.0
19345,13.0
19346,13.0
19347,13.0
19348,13.0
19349,13.0
19350,13.0
19351,13.0
19352,13.0
19353,13.0
19354,13.0
19355,13.0
19356,13.0
19357,13.0
19358,13.0
19359,13.0
19360,13.0
19361,13.0
19362,13.0
19363,13.0
19364,13.0
19365,13.0
19366,13.0
19367,13.0
19368,13.0
19369,13.0
19370,13.0
19371,13.0
19372,13.0
19373,13.0
19374,13.0
19375,13.0
19376,13.0
19377,13.0
19378,13.0
19379,13.0
19380,13.0
19381,13.0
19382,13.0
19383,13.0
19384,13.0
19385,13.0
19386,13.0
19387,13.0
19388,13.0
19389,13.0
19390,13.0
19391,13.0
19392,13.0
19393,13.0
19394,13.0
19395,13.0
19396,13.0
19397,13.0
19398,13.0
19399,13.0
19400,13.0
19401,13.0
19402,13.0
19403,13.0
19404,13.0
19405,13.0
19406,13.0
19407,13.0
19408,13.0
19409,13.0
19410,13.0
19411,13.0
19412,13.0
19413,13.0
19414,13.0
19415,13.0
19416,13.0
19417,13.0
19418,13.0
19419,13.0
19420,13.0
19421,13.0
19422,13.0
19423,13.0
19424,13.0
19425,13.0
19426,13.0
19427,13.0
19428,13.0
19429,13.0
19430,13.0
19431,13.0
19432,13.0
19433,13.0
19434,13.0
19435,13.0
19436,13.0
19437,13.0
19438,13.0
19439,13.0
19440,13.0
19441,13.0
19442,13.0
19443,13.0
19444,13.0
19445,13.0
19446,13.0
19447,13.0
19448,13.0
19449,13.0
19450,13.0
19451,13.0
19452,13.0
19453,13.0
19454,13.0
19455,13.0
19456,13.0
19457,13.0
19458,13.0
19459,13.0
19460,13.0
19461,13.0
19462,13.0
19463,13.0
19464,13.0
19465,13.0
19466,13.0
19467,13.0
19468,13.0
19469,13.0
19470,13.0
19471,13.0
19472,13.0
19473,13.0
19474,13.0
19475,13.0
19476,13.0
19477,13.0
19478,13.0
19479,13.0
19480,13.0
19481,13.0
19482,13.0
19483,13.0
19484,13.0
19485,13.0
19486,13.0
19487,13.0
19488,13.0
19489,13.0
19490,13.0
19491,13.0
19492,13.0
19493,13.0
19494,13.0
19495,13.0
19496,13.0
19497,13.0
19498,13.0
19499,13.0
19500,13.0
19501,13.0
19502,13.0
19503,13.0
19504,13.0
19505,13.0
19506,13.0
19507,13.0
19508,13.0
19509,13.0
19510,13.0
19511,13.0
19512,13.0
19513,13.0
19514,13.0
19515,13.0
19516,13.0
19517,13.0
19518,13.0
19519,13.0
19520,13.0
19521,13.0
19522,13.0
19523,13.0
19524,13.0
19525,13.0
19526,13.0
19527,13.0
19528,13.0
19529,13.0
19530,13.0
19531,13.0
19532,13.0
19533,13.0
19534,13.0
19535,13.0
19536,13.0
19537,13.0
19538,13.0
19539,13.0
19540,13.0
19541,13.0
19542,13.0
19543,13.0
19544,13.0
19545,13.0
19546,13.0
19547,13.0
19548,13.0
19549,13.0
19550,13.0
19551,13.0
19552,13.0
19553,13.0
19554,13.0
19555,13.0
19556,13.0
19557,13.0
19558,13.0
19559,13.0
19560,13.0
19561,13.0
19562,13.0
19563,13.0
19564,13.0
19565,13.0
19566,13.0
19567,13.0
19568,13.0
19569,13.0
19570,13.0
19571,13.0
19572,13.0
19573,13.0
19574,13.0
19575,13.0
19576,13.0
19577,13.0
19578,13.0
19579,13.0
19580,13.0
19581,13.0
19582,13.0
19583,13.0
19584,13.0
19585,13.0
19586,13.0
19587,13.0
19588,13.0
19589,13.0
19590,13.0
19591,13.0
19592,13.0
19593,13.0
19594,13.0
19595,13.0
19596,13.0
19597,13.0
19598,13.0
19599,13.0
19600,13.0
19601,13.0
19602,13.0
19603,13.0
19604,13.0
19605,13.0
19606,13.0
19607,13.0
19608,13.0
19609,13.0
19610,13.0
19611,13.0
19612,13.0
19613,13.0
19614,13.0
19615,13.0
19616,13.0
19617,13.0
19618,13.0
19619,13.0
19620,13.0
19621,13.0
19622,13.0
19623,13.0
19624,13.0
19625,13.0
19626,13.0
19627,13.0
19628,13.0
19629,13.0
19630,13.0
19631,13.0
19632,13.0
19633,13.0
19634,13.0
19635,13.0
19636,13.0
19637,13.0
19638,13.0
19639,13.0
19640,13.0
19641,13.0
19642,13.0
19643,13.0
19644,13.0
19645,13.0
19646,13.0
19647,13.0
19648,13.0
19649,13.0
19650,13.0
19651,13.0
19652,13.0
19653,13.0
19654,13.0
19655,13.0
19656,13.0
19657,13.0
19658,13.0
19659,13.0
19660,13.0
19661,13.0
19662,13.0
19663,13.0
19664,13.0
19665,13.0
19666,13.0
19667,13.0
19668,13.0
19669,13.0
19670,13.0
19671,13.0
19672,13.0
19673,13.0
19674,13.0
19675,13.0
19676,13.0
19677,13.0
19678,13.0
19679,13.0
19680,13.0
19681,13.0
19682,13.0
19683,13.0
19684,13.0
19685,13.0
19686,13.0
19687,13.0
19688,13.0
19689,13.0
19690,13.0
19691,13.0
19692,13.0
19693,13.0
19694,13.0
19695,13.0
19696,13.0
19697,13.0
19698,13.0
19699,13.0
19700,13.0
19701,13.0
19702,13.0
19703,13.0
19704,13.0
19705,13.0
19706,13.0
19707,13.0
19708,13.0
19709,13.0
19710,13.0
19711,13.0
19712,13.0
19713,13.0
19714,13.0
19715,13.0
19716,13.0
19717,13.0
19718,13.0
19719,13.0
19720,13.0
19721,13.0
19722,13.0
19723,13.0
19724,13.0
19725,13.0
19726,13.0
19727,13.0
19728,13.0
19729,13.0
19730,13.0
19731,13.0
19732,13.0
19733,13.0
19734,13.0
19735,13.0
19736,13.0
19737,13.0
19738,13.0
19739,13.0
19740,13.0
19741,13.0
19742,13.0
19743,13.0
19744,13.0
19745,13.0
19746,13.0
19747,13.0
19748,13.0
19749,13.0
19750,13.0
19751,13.0
19752,13.0
19753,13.0
19754,13.0
19755,13.0
19756,13.0
19757,13.0
19758,13.0
19759,13.0
19760,13.0
19761,13.0
19762,13.0
19763,13.0
19764,13.0
19765,13.0
19766,13.0
19767,13.0
19768,13.0
19769,13.0
19770,13.0
19771,13.0
19772,13.0
19773,13.0
19774,13.0
19775,13.0
19776,13.0
19777,13.0
19778,13.0
19779,13.0
19780,13.0
19781,13.0
19782,13.0
19783,13.0
19784,13.0
19785,13.0
19786,13.0
19787,13.0
19788,13.0
19789,13.0
19790,13.0
19791,13.0
19792,13.0
19793,13.0
19794,13.0
19795,13.0
19796,13.0
19797,13.0
19798,13.0
19799,13.0
19800,13.0
19801,13.0
19802,13.0
19803,13.0
19804,13.0
19805,13.0
19806,13.0
19807,13.0
19808,13.0
19809,13.0
19810,13.0
19811,13.0
19812,13.0
19813,13.0
19814,13.0
19815,13.0
19816,13.0
19817,13.0
19818,13.0
19819,13.0
19820,13.0
19821,13.0
19822,13.0
19823,13.0
19824,13.0
19825,13.0
19826,13.0
19827,13.0
19828,13.0
19829,13.0
19830,13.0
19831,13.0
19832,13.0
19833,13.0
19834,13.0
19835,13.0
19836,13.0
19837,13.0
19838,13.0
19839,13.0
19840,13.0
19841,13.0
19842,13.0
19843,13.0
19844,13.0
19845,13.0
19846,13.0
19847,13.0
19848,13.0
19849,13.0
19850,13.0
19851,13.0
19852,13.0
19853,13.0
19854,13.0
19855,13.0
19856,13.0
19857,13.0
19858,13.0
19859,13.0
19860,13.0
19861,13.0
19862,13.0
19863,13.0
19864,13.0
19865,13.0
19866,13.0
19867,13.0
19868,13.0
19869,13.0
19870,13.0
19871,13.0
19872,13.0
19873,13.0
19874,13.0
19875,13.0
19876,13.0
19877,13.0
19878,13.0
19879,13.0
19880,13.0
19881,13.0
19882,13.0
19883,13.0
19884,13.0
19885,13.0
19886,13.0
19887,13.0
19888,13.0
19889,13.0
19890,13.0
19891,13.0
19892,13.0
19893,13.0
19894,13.0
19895,13.0
19896,13.0
19897,13.0
19898,13.0
19899,13.0
19900,13.0
19901,13.0
19902,13.0
19903,13.0
19904,13.0
19905,13.0
19906,13.0
19907,13.0
19908,13.0
19909,13.0
19910,13.0
19911,13.0
19912,13.0
19913,13.0
19914,13.0
19915,13.0
19916,13.0
19917,13.0
19918,13.0
19919,13.0
19920,13.0
19921,13.0
19922,13.0
19923,13.0
19924,13.0
19925,13.0
19926,13.0
19927,13.0
19928,13.0
19929,13.0
19930,13.0
19931,13.0
19932,13.0
19933,13.0
19934,13.0
19935,13.0
19936,13.0
19937,13.0
19938,13.0
19939,13.0
19940,13.0
19941,13.0
19942,13.0
19943,13.0
19944,13.0
19945,13.0
19946,13.0
19947,13.0
19948,13.0
19949,13.0
19950,13.0
19951,13.0
19952,13.0
19953,13.0
19954,13.0
19955,13.0
19956,13.0
19957,13.0
19958,13.0
19959,13.0
19960,13.0
19961,13.0
19962,13.0
19963,13.0
19964,13.0
19965,13.0
19966,13.0
19967,13.0
19968,13.0
19969,13.0
19970,13.0
19971,13.0
19972,13.0
19973,13.0
19974,13.0
19975,13.0
19976,13.0
19977,13.0
19978,13.0
19979,13.0
19980,13.0
19981,13.0
19982,13.0
19983,13.0
19984,13.0
19985,13.0
19986,13.0
19987,13.0
19988,13.0
19989,13.0
19990,13.0
19991,13.0
19992,13.0
19993,13.0
19994,13.0
19995,13.0
19996,13.0
19997,13.0
19998,13.0
19999,13.0
20000,13.0
20001,13.0
20002,13.0
20003,13.0
20004,13.0
20005,13.0
20006,13.0
20007,13.0
20008,13.0
20009,13.0
20010,13.0
20011,13.0
20012,13.0
20013,13.0
20014,13.0
20015,13.0
20016,13.0
20017,13.0
20018,13.0
20019,13.0
20020,13.0
20021,13.0
20022,13.0
20023,13.0
20024,13.0
20025,13.0
20026,13.0
20027,13.0
20028,13.0
20029,13.0
20030,13.0
20031,13.0
20032,13.0
20033,13.0
20034,13.0
20035,13.0
20036,13.0
20037,13.0
20038,13.0
20039,13.0
20040,13.0
20041,13.0
20042,13.0
20043,13.0
20044,13.0
20045,13.0
20046,13.0
20047,13.0
20048,13.0
20049,13.0
20050,13.0
20051,13.0
20052,13.0
20053,13.0
20054,13.0
20055,13.0
20056,13.0
20057,13.0
20058,13.0
20059,13.0
20060,13.0
20061,13.0
20062,13.0
20063,13.0
20064,13.0
20065,13.0
20066,13.0
20067,13.0
20068,13.0
20069,13.0
20070,13.0
20071,13.0
20072,13.0
20073,13.0
20074,13.0
20075,13.0
20076,13.0
20077,13.0
20078,13.0
20079,13.0
20080,13.0
20081,13.0
20082,13.0
20083,13.0
20084,13.0
20085,13.0
20086,13.0
20087,13.0
20088,13.0
20089,13.0
20090,13.0
20091,13.0
20092,13.0
20093,13.0
20094,13.0
20095,13.0
20096,13.0
20097,13.0
20098,13.0
20099,13.0
20100,13.0
20101,13.0
20102,13.0
20103,13.0
20104,13.0
20105,13.0
20106,13.0
20107,13.0
20108,13.0
20109,13.0
20110,13.0
20111,13.0
20112,13.0
20113,13.0
20114,13.0
20115,13.0
20116,13.0
20117,13.0
20118,13.0
20119,13.0
20120,13.0
20121,13.0
20122,13.0
20123,13.0
20124,13.0
20125,13.0
20126,13.0
20127,13.0
20128,13.0
20129,13.0
20130,13.0
20131,13.0
20132,13.0
20133,13.0
20134,13.0
20135,13.0
20136,13.0
20137,13.0
20138,13.0
20139,13.0
20140,13.0
20141,13.0
20142,13.0
20143,13.0
20144,13.0
20145,13.0
20146,13.0
20147,13.0
20148,13.0
20149,13.0
20150,13.0
20151,13.0
20152,13.0
20153,13.0
20154,13.0
20155,13.0
20156,13.0
20157,13.0
20158,13.0
20159,13.0
20160,13.0
20161,13.0
20162,13.0
20163,13.0
20164,13.0
20165,13.0
20166,13.0
20167,13.0
20168,13.0
20169,13.0
20170,13.0
20171,13.0
20172,13.0
20173,13.0
20174,13.0
20175,13.0
20176,13.0
20177,13.0
20178,13.0
20179,13.0
20180,13.0
20181,13.0
20182,13.0
20183,13.0
20184,13.0
20185,13.0
20186,13.0
20187,13.0
20188,13.0
20189,13.0
20190,13.0
20191,13.0
20192,13.0
20193,13.0
20194,13.0
20195,13.0
20196,13.0
20197,13.0
20198,13.0
20199,13.0
20200,13.0
20201,13.0
20202,13.0
20203,13.0
20204,13.0
20205,13.0
20206,13.0
20207,13.0
20208,13.0
20209,13.0
20210,13.0
20211,13.0
20212,13.0
20213,13.0
20214,13.0
20215,13.0
20216,13.0
20217,13.0
20218,13.0
20219,13.0
20220,13.0
20221,13.0
20222,13.0
20223,13.0
20224,13.0
20225,13.0
20226,13.0
20227,13.0
20228,13.0
20229,13.0
20230,13.0
20231,13.0
20232,13.0
20233,13.0
20234,13.0
20235,13.0
20236,13.0
20237,13.0
20238,13.0
20239,13.0
20240,13.0
20241,13.0
20242,13.0
20243,13.0
20244,13.0
20245,13.0
20246,13.0
20247,13.0
20248,13.0
20249,13.0
20250,13.0
20251,13.0
20252,13.0
20253,13.0
20254,13.0
20255,13.0
20256,13.0
20257,13.0
20258,13.0
20259,13.0
20260,13.0
20261,13.0
20262,13.0
20263,13.0
20264,13.0
20265,13.0
20266,13.0
20267,13.0
20268,13.0
20269,13.0
20270,13.0
20271,13.0
20272,13.0
20273,13.0
20274,13.0
20275,13.0
20276,13.0
20277,13.0
20278,13.0
20279,13.0
20280,13.0
20281,13.0
20282,13.0
20283,13.0
20284,13.0
20285,13.0
20286,13.0
20287,13.0
20288,13.0
20289,13.0
20290,13.0
20291,13.0
20292,13.0
20293,13.0
20294,13.0
20295,13.0
20296,13.0
20297,13.0
20298,13.0
20299,13.0
20300,13.0
20301,13.0
20302,13.0
20303,13.0
20304,13.0
20305,13.0
20306,13.0
20307,13.0
20308,13.0
20309,13.0
20310,13.0
20311,13.0
20312,13.0
20313,13.0
20314,13.0
20315,13.0
20316,13.0
20317,13.0
20318,13.0
20319,13.0
20320,13.0
20321,13.0
20322,13.0
20323,13.0
20324,13.0
20325,13.0
20326,13.0
20327,13.0
20328,13.0
20329,13.0
20330,13.0
20331,13.0
20332,13.0
20333,13.0
20334,13.0
20335,13.0
20336,13.0
20337,13.0
20338,13.0
20339,13.0
20340,13.0
20341,13.0
20342,13.0
20343,13.0
20344,13.0
20345,13.0
20346,13.0
20347,13.0
20348,13.0
20349,13.0
20350,13.0
20351,13.0
20352,13.0
20353,13.0
20354,13.0
20355,13.0
20356,13.0
20357,13.0
20358,13.0
20359,13.0
20360,13.0
20361,13.0
20362,13.0
20363,13.0
20364,13.0
20365,13.0
20366,13.0
20367,13.0
20368,13.0
20369,13.0
20370,13.0
20371,13.0
20372,13.0
20373,13.0
20374,13.0
20375,13.0
20376,13.0
20377,13.0
20378,13.0
20379,13.0
20380,13.0
20381,13.0
20382,13.0
20383,13.0
20384,13.0
20385,13.0
20386,13.0
20387,13.0
20388,13.0
20389,13.0
20390,13.0
20391,13.0
20392,13.0
20393,13.0
20394,13.0
20395,13.0
20396,13.0
20397,13.0
20398,13.0
20399,13.0
20400,13.0
20401,13.0
20402,13.0
20403,13.0
20404,13.0
20405,13.0
20406,13.0
20407,13.0
20408,13.0
20409,13.0
20410,13.0
20411,13.0
20412,13.0
20413,13.0
20414,13.0
20415,13.0
20416,13.0
20417,13.0
20418,13.0
20419,13.0
20420,13.0
20421,13.0
20422,13.0
20423,13.0
20424,13.0
20425,13.0
20426,13.0
20427,13.0
20428,13.0
20429,13.0
20430,13.0
20431,13.0
20432,13.0
20433,13.0
20434,13.0
20435,13.0
20436,13.0
20437,13.0
20438,13.0
20439,13.0
20440,13.0
20441,13.0
20442,13.0
20443,13.0
20444,13.0
20445,13.0
20446,13.0
20447,13.0
20448,13.0
20449,13.0
20450,13.0
20451,13.0
20452,13.0
20453,13.0
20454,13.0
20455,13.0
20456,13.0
20457,13.0
20458,13.0
20459,13.0
20460,13.0
20461,13.0
20462,13.0
20463,13.0
20464,13.0
20465,13.0
20466,13.0
20467,13.0
20468,13.0
20469,13.0
20470,13.0
20471,13.0
20472,13.0
20473,13.0
20474,13.0
20475,13.0
20476,13.0
20477,13.0
20478,13.0
20479,13.0
20480,13.0
20481,13.0
20482,13.0
20483,13.0
20484,13.0
20485,13.0
20486,13.0
20487,13.0
20488,13.0
20489,13.0
20490,13.0
20491,13.0
20492,13.0
20493,13.0
20494,13.0
20495,13.0
20496,13.0
20497,13.0
20498,13.0
20499,13.0
20500,13.0
20501,13.0
20502,13.0
20503,13.0
20504,13.0
20505,13.0
20506,13.0
20507,13.0
20508,13.0
20509,13.0
20510,13.0
20511,13.0
20512,13.0
20513,13.0
20514,13.0
20515,13.0
20516,13.0
20517,13.0
20518,13.0
20519,13.0
20520,13.0
20521,13.0
20522,13.0
20523,13.0
20524,13.0
20525,13.0
20526,13.0
20527,13.0
20528,13.0
20529,13.0
20530,13.0
20531,13.0
20532,13.0
20533,13.0
20534,13.0
20535,13.0
20536,13.0
20537,13.0
20538,13.0
20539,13.0
20540,13.0
20541,13.0
20542,13.0
20543,13.0
20544,13.0
20545,13.0
20546,13.0
20547,13.0
20548,13.0
20549,13.0
20550,13.0
20551,13.0
20552,13.0
20553,13.0
20554,13.0
20555,13.0
20556,13.0
20557,13.0
20558,13.0
20559,13.0
20560,13.0
20561,13.0
20562,13.0
20563,13.0
20564,13.0
20565,13.0
20566,13.0
20567,13.0
20568,13.0
20569,13.0
20570,13.0
20571,13.0
20572,13.0
20573,13.0
20574,13.0
20575,13.0
20576,13.0
20577,13.0
20578,13.0
20579,13.0
20580,13.0
20581,13.0
20582,13.0
20583,13.0
20584,13.0
20585,13.0
20586,13.0
20587,13.0
20588,13.0
20589,13.0
20590,13.0
20591,13.0
20592,13.0
20593,13.0
20594,13.0
20595,13.0
20596,13.0
20597,13.0
20598,13.0
20599,13.0
20600,13.0
20601,13.0
20602,13.0
20603,13.0
20604,13.0
20605,13.0
20606,13.0
20607,13.0
20608,13.0
20609,13.0
20610,13.0
20611,13.0
20612,13.0
20613,13.0
20614,13.0
20615,13.0
20616,13.0
20617,13.0
20618,13.0
20619,13.0
20620,13.0
20621,13.0
20622,13.0
20623,13.0
20624,13.0
20625,13.0
20626,13.0
20627,13.0
20628,13.0
20629,13.0
20630,13.0
20631,13.0
20632,13.0
20633,13.0
20634,13.0
20635,13.0
20636,13.0
20637,13.0
20638,13.0
20639,13.0
20640,13.0
20641,13.0
20642,13.0
20643,13.0
20644,13.0
20645,13.0
20646,13.0
20647,13.0
20648,13.0
20649,13.0
20650,13.0
20651,13.0
20652,13.0
20653,13.0
20654,13.0
20655,13.0
20656,13.0
20657,13.0
20658,13.0
20659,13.0
20660,13.0
20661,13.0
20662,13.0
20663,13.0
20664,13.0
20665,13.0
20666,13.0
20667,13.0
20668,13.0
20669,13.0
20670,13.0
20671,13.0
20672,13.0
20673,13.0
20674,13.0
20675,13.0
20676,13.0
20677,13.0
20678,13.0
20679,13.0
20680,13.0
20681,13.0
20682,13.0
20683,13.0
20684,13.0
20685,13.0
20686,13.0
20687,13.0
20688,13.0
20689,13.0
20690,13.0
20691,13.0
20692,13.0
20693,13.0
20694,13.0
20695,13.0
20696,13.0
20697,13.0
20698,13.0
20699,13.0
20700,13.0
20701,13.0
20702,13.0
20703,13.0
20704,13.0
20705,13.0
20706,13.0
20707,13.0
20708,13.0
20709,13.0
20710,13.0
20711,13.0
20712,13.0
20713,13.0
20714,13.0
20715,13.0
20716,13.0
20717,13.0
20718,13.0
20719,13.0
20720,13.0
20721,13.0
20722,13.0
20723,13.0
20724,13.0
20725,13.0
20726,13.0
20727,13.0
20728,13.0
20729,13.0
20730,13.0
20731,13.0
20732,13.0
20733,13.0
20734,13.0
20735,13.0
20736,13.0
20737,13.0
20738,13.0
20739,13.0
20740,13.0
20741,13.0
20742,13.0
20743,13.0
20744,13.0
20745,13.0
20746,13.0
20747,13.0
20748,13.0
20749,13.0
20750,13.0
20751,13.0
20752,13.0
20753,13.0
20754,13.0
20755,13.0
20756,13.0
20757,13.0
20758,13.0
20759,13.0
20760,13.0
20761,13.0
20762,13.0
20763,13.0
20764,13.0
20765,13.0
20766,13.0
20767,13.0
20768,13.0
20769,13.0
20770,13.0
20771,13.0
20772,13.0
20773,13.0
20774,13.0
20775,13.0
20776,13.0
20777,13.0
20778,13.0
20779,13.0
20780,13.0
20781,13.0
20782,13.0
20783,13.0
20784,13.0
20785,13.0
20786,13.0
20787,13.0
20788,13.0
20789,13.0
20790,13.0
20791,13.0
20792,13.0
20793,13.0
20794,13.0
20795,13.0
20796,13.0
20797,13.0
20798,13.0
20799,13.0
20800,13.0
20801,13.0
20802,13.0
20803,13.0
20804,13.0
20805,13.0
20806,13.0
20807,13.0
20808,13.0
20809,13.0
20810,13.0
20811,13.0
20812,13.0
20813,13.0
20814,13.0
20815,13.0
20816,13.0
20817,13.0
20818,13.0
20819,13.0
20820,13.0
20821,13.0
20822,13.0
20823,13.0
20824,13.0
20825,13.0
20826,13.0
20827,13.0
20828,13.0
20829,13.0
20830,13.0
20831,13.0
20832,13.0
20833,13.0
20834,13.0
20835,13.0
20836,13.0
20837,13.0
20838,13.0
20839,13.0
20840,13.0
20841,13.0
20842,13.0
20843,13.0
20844,13.0
20845,13.0
20846,13.0
20847,13.0
20848,13.0
20849,13.0
20850,13.0
20851,13.0
20852,13.0
20853,13.0
20854,13.0
20855,13.0
20856,13.0
20857,13.0
20858,13.0
20859,13.0
20860,13.0
20861,13.0
20862,13.0
20863,13.0
20864,13.0
20865,13.0
20866,13.0
20867,13.0
20868,13.0
20869,13.0
20870,13.0
20871,13.0
20872,13.0
20873,13.0
20874,13.0
20875,13.0
20876,13.0
20877,13.0
20878,13.0
20879,13.0
20880,13.0
20881,13.0
20882,13.0
20883,13.0
20884,13.0
20885,13.0
20886,13.0
20887,13.0
20888,13.0
20889,13.0
20890,13.0
20891,13.0
20892,13.0
20893,13.0
20894,13.0
20895,13.0
20896,13.0
20897,13.0
20898,13.0
20899,13.0
20900,13.0
20901,13.0
20902,13.0
20903,13.0
20904,13.0
20905,13.0
20906,13.0
20907,13.0
20908,13.0
20909,13.0
20910,13.0
20911,13.0
20912,13.0
20913,13.0
20914,13.0
20915,13.0
20916,13.0
20917,13.0
20918,13.0
20919,13.0
20920,13.0
20921,13.0
20922,13.0
20923,13.0
20924,13.0
20925,13.0
20926,13.0
20927,13.0
20928,13.0
20929,13.0
20930,13.0
20931,13.0
20932,13.0
20933,13.0
20934,13.0
20935,13.0
20936,13.0
20937,13.0
20938,13.0
20939,13.0
20940,13.0
20941,13.0
20942,13.0
20943,13.0
20944,13.0
20945,13.0
20946,13.0
20947,13.0
20948,13.0
20949,13.0
20950,13.0
20951,13.0
20952,13.0
20953,13.0
20954,13.0
20955,13.0
20956,13.0
20957,13.0
20958,13.0
20959,13.0
20960,13.0
20961,13.0
20962,13.0
20963,13.0
20964,13.0
20965,13.0
20966,13.0
20967,13.0
20968,13.0
20969,13.0
20970,13.0
20971,13.0
20972,13.0
20973,13.0
20974,13.0
20975,13.0
20976,13.0
20977,13.0
20978,13.0
20979,13.0
20980,13.0
20981,13.0
20982,13.0
20983,13.0
20984,13.0
20985,13.0
20986,13.0
20987,13.0
20988,13.0
20989,13.0
20990,13.0
20991,13.0
20992,13.0
20993,13.0
20994,13.0
20995,13.0
20996,13.0
20997,13.0
20998,13.0
20999,13.0
21000,13.0
21001,13.0
21002,13.0
21003,13.0
21004,13.0
21005,13.0
21006,13.0
21007,13.0
21008,13.0
21009,13.0
21010,13.0
21011,13.0
21012,13.0
21013,13.0
21014,13.0
21015,13.0
21016,13.0
21017,13.0
21018,13.0
21019,13.0
21020,13.0
21021,13.0
21022,13.0
21023,13.0
21024,13.0
21025,13.0
21026,13.0
21027,13.0
21028,13.0
21029,13.0
21030,13.0
21031,13.0
21032,13.0
21033,13.0
21034,13.0
21035,13.0
21036,13.0
21037,13.0
21038,13.0
21039,13.0
21040,13.0
21041,13.0
21042,13.0
21043,13.0
21044,13.0
21045,13.0
21046,13.0
21047,13.0
21048,13.0
21049,13.0
21050,13.0
21051,13.0
21052,13.0
21053,13.0
21054,13.0
21055,13.0
21056,13.0
21057,13.0
21058,13.0
21059,13.0
21060,13.0
21061,13.0
21062,13.0
21063,13.0
21064,13.0
21065,13.0
21066,13.0
21067,13.0
21068,13.0
21069,13.0
21070,13.0
21071,13.0
21072,13.0
21073,13.0
21074,13.0
21075,13.0
21076,13.0
21077,13.0
21078,13.0
21079,13.0
21080,13.0
21081,13.0
21082,13.0
21083,13.0
21084,13.0
21085,13.0
21086,13.0
21087,13.0
21088,13.0
21089,13.0
21090,13.0
21091,13.0
21092,13.0
21093,13.0
21094,13.0
21095,13.0
21096,13.0
21097,13.0
21098,13.0
21099,13.0
21100,13.0
21101,13.0
21102,13.0
21103,13.0
21104,13.0
21105,13.0
21106,13.0
21107,13.0
21108,13.0
21109,13.0
21110,13.0
21111,13.0
21112,13.0
21113,13.0
21114,13.0
21115,13.0
21116,13.0
21117,13.0
21118,13.0
21119,13.0
21120,13.0
21121,13.0
21122,13.0
21123,13.0
21124,13.0
21125,13.0
21126,13.0
21127,13.0
21128,13.0
21129,13.0
21130,13.0
21131,13.0
21132,13.0
21133,13.0
21134,13.0
21135,13.0
21136,13.0
21137,13.0
21138,13.0
21139,13.0
21140,13.0
21141,13.0
21142,13.0
21143,13.0
21144,13.0
21145,13.0
21146,13.0
21147,13.0
21148,13.0
21149,13.0
21150,13.0
21151,13.0
21152,13.0
21153,13.0
21154,13.0
21155,13.0
21156,13.0
21157,13.0
21158,13.0
21159,13.0
21160,13.0
21161,13.0
21162,13.0
21163,13.0
21164,13.0
21165,13.0
21166,13.0
21167,13.0
21168,13.0
21169,13.0
21170,13.0
21171,13.0
21172,13.0
21173,13.0
21174,13.0
21175,13.0
21176,13.0
21177,13.0
21178,13.0
21179,13.0
21180,13.0
21181,13.0
21182,13.0
21183,13.0
21184,13.0
21185,13.0
21186,13.0
21187,13.0
21188,13.0
21189,13.0
21190,13.0
21191,13.0
21192,13.0
21193,13.0
21194,13.0
21195,13.0
21196,13.0
21197,13.0
21198,13.0
21199,13.0
21200,13.0
21201,13.0
21202,13.0
21203,13.0
21204,13.0
21205,13.0
21206,13.0
21207,13.0
21208,13.0
21209,13.0
21210,13.0
21211,13.0
21212,13.0
21213,13.0
21214,13.0
21215,13.0
21216,13.0
21217,13.0
21218,13.0
21219,13.0
21220,13.0
21221,13.0
21222,13.0
21223,13.0
21224,13.0
21225,13.0
21226,13.0
21227,13.0
21228,13.0
21229,13.0
21230,13.0
21231,13.0
21232,13.0
21233,13.0
21234,13.0
21235,13.0
21236,13.0
21237,13.0
21238,13.0
21239,13.0
21240,13.0
21241,13.0
21242,13.0
21243,13.0
21244,13.0
21245,13.0
21246,13.0
21247,13.0
21248,13.0
21249,13.0
21250,13.0
21251,13.0
21252,13.0
21253,13.0
21254,13.0
21255,13.0
21256,13.0
21257,13.0
21258,13.0
21259,13.0
21260,13.0
21261,13.0
21262,13.0
21263,13.0
21264,13.0
21265,13.0
21266,13.0
21267,13.0
21268,13.0
21269,13.0
21270,13.0
21271,13.0
21272,13.0
21273,13.0
21274,13.0
21275,13.0
21276,13.0
21277,13.0
21278,13.0
21279,13.0
21280,13.0
21281,13.0
21282,13.0
21283,13.0
21284,13.0
21285,13.0
21286,13.0
21287,13.0
21288,13.0
21289,13.0
21290,13.0
21291,13.0
21292,13.0
21293,13.0
21294,13.0
21295,13.0
21296,13.0
21297,13.0
21298,13.0
21299,13.0
21300,13.0
21301,13.0
21302,13.0
21303,13.0
21304,13.0
21305,13.0
21306,13.0
21307,13.0
21308,13.0
21309,13.0
21310,13.0
21311,13.0
21312,13.0
21313,13.0
21314,13.0
21315,13.0
21316,13.0
21317,13.0
21318,13.0
21319,13.0
21320,13.0
21321,13.0
21322,13.0
21323,13.0
21324,13.0
21325,13.0
21326,13.0
21327,13.0
21328,13.0
21329,13.0
21330,13.0
21331,13.0
21332,13.0
21333,13.0
21334,13.0
21335,13.0
21336,13.0
21337,13.0
21338,13.0
21339,13.0
21340,13.0
21341,13.0
21342,13.0
21343,13.0
21344,13.0
21345,13.0
21346,13.0
21347,13.0
21348,13.0
21349,13.0
21350,13.0
21351,13.0
21352,13.0
21353,13.0
21354,13.0
21355,13.0
21356,13.0
21357,13.0
21358,13.0
21359,13.0
21360,13.0
21361,13.0
21362,13.0
21363,13.0
21364,13.0
21365,13.0
21366,13.0
21367,13.0
21368,13.0
21369,13.0
21370,13.0
21371,13.0
21372,13.0
21373,13.0
21374,13.0
21375,13.0
21376,13.0
21377,13.0
21378,13.0
21379,13.0
21380,13.0
21381,13.0
21382,13.0
21383,13.0
21384,13.0
21385,13.0
21386,13.0
21387,13.0
21388,13.0
21389,13.0
21390,13.0
21391,13.0
21392,13.0
21393,13.0
21394,13.0
21395,13.0
21396,13.0
21397,13.0
21398,13.0
21399,13.0
21400,13.0
21401,13.0
21402,13.0
21403,13.0
21404,13.0
21405,13.0
21406,13.0
21407,13.0
21408,13.0
21409,13.0
21410,13.0
21411,13.0
21412,13.0
21413,13.0
21414,13.0
21415,13.0
21416,13.0
21417,13.0
21418,13.0
21419,13.0
21420,13.0
21421,13.0
21422,13.0
21423,13.0
21424,13.0
21425,13.0
21426,13.0
21427,13.0
21428,13.0
21429,13.0
21430,13.0
21431,13.0
21432,13.0
21433,13.0
21434,13.0
21435,13.0
21436,13.0
21437,13.0
21438,13.0
21439,13.0
21440,13.0
21441,13.0
21442,13.0
21443,13.0
21444,13.0
21445,13.0
21446,13.0
21447,13.0
21448,13.0
21449,13.0
21450,13.0
21451,13.0
21452,13.0
21453,13.0
21454,13.0
21455,13.0
21456,13.0
21457,13.0
21458,13.0
21459,13.0
21460,13.0
21461,13.0
21462,13.0
21463,13.0
21464,13.0
21465,13.0
21466,13.0
21467,13.0
21468,13.0
21469,13.0
21470,13.0
21471,13.0
21472,13.0
21473,13.0
21474,13.0
21475,13.0
21476,13.0
21477,13.0
21478,13.0
21479,13.0
21480,13.0
21481,13.0
21482,13.0
21483,13.0
21484,13.0
21485,13.0
21486,13.0
21487,13.0
21488,13.0
21489,13.0
21490,13.0
21491,13.0
21492,13.0
21493,13.0
21494,13.0
21495,13.0
21496,13.0
21497,13.0
21498,13.0
21499,13.0
21500,13.0
21501,13.0
21502,13.0
21503,13.0
21504,13.0
21505,13.0
21506,13.0
21507,13.0
21508,13.0
21509,13.0
21510,13.0
21511,13.0
21512,13.0
21513,13.0
21514,13.0
21515,13.0
21516,13.0
21517,13.0
21518,13.0
21519,13.0
21520,13.0
21521,13.0
21522,13.0
21523,13.0
21524,13.0
21525,13.0
21526,13.0
21527,13.0
21528,13.0
21529,13.0
21530,13.0
21531,13.0
21532,13.0
21533,13.0
21534,13.0
21535,13.0
21536,13.0
21537,13.0
21538,13.0
21539,13.0
21540,13.0
21541,13.0
21542,13.0
21543,13.0
21544,13.0
21545,13.0
21546,13.0
21547,13.0
21548,13.0
21549,13.0
21550,13.0
21551,13.0
21552,13.0
21553,13.0
21554,13.0
21555,13.0
21556,13.0
21557,13.0
21558,13.0
21559,13.0
21560,13.0
21561,13.0
21562,13.0
21563,13.0
21564,13.0
21565,13.0
21566,13.0
21567,13.0
21568,13.0
21569,13.0
21570,13.0
21571,13.0
21572,13.0
21573,13.0
21574,13.0
21575,13.0
21576,13.0
21577,13.0
21578,13.0
21579,13.0
21580,13.0
21581,13.0
21582,13.0
21583,13.0
21584,13.0
21585,13.0
21586,13.0
21587,13.0
21588,13.0
21589,13.0
21590,13.0
21591,13.0
21592,13.0
21593,13.0
21594,13.0
21595,13.0
21596,13.0
21597,13.0
21598,13.0
21599,13.0
21600,13.0
21601,13.0
21602,13.0
21603,13.0
21604,13.0
21605,13.0
21606,13.0
21607,13.0
21608,13.0
21609,13.0
21610,13.0
21611,13.0
21612,13.0
21613,13.0
21614,13.0
21615,13.0
21616,13.0
21617,13.0
21618,13.0
21619,13.0
21620,13.0
21621,13.0
21622,13.0
21623,13.0
21624,13.0
21625,13.0
21626,13.0
21627,13.0
21628,13.0
21629,13.0
21630,13.0
21631,13.0
21632,13.0
21633,13.0
21634,13.0
21635,13.0
21636,13.0
21637,13.0
21638,13.0
21639,13.0
21640,13.0
21641,13.0
21642,13.0
21643,13.0
21644,13.0
21645,13.0
21646,13.0
21647,13.0
21648,13.0
21649,13.0
21650,13.0
21651,13.0
21652,13.0
21653,13.0
21654,13.0
21655,13.0
21656,13.0
21657,13.0
21658,13.0
21659,13.0
21660,13.0
21661,13.0
21662,13.0
21663,13.0
21664,13.0
21665,13.0
21666,13.0
21667,13.0
21668,13.0
21669,13.0
21670,13.0
21671,13.0
21672,13.0
21673,13.0
21674,13.0
21675,13.0
21676,13.0
21677,13.0
21678,13.0
21679,13.0
21680,13.0
21681,13.0
21682,13.0
21683,13.0
21684,13.0
21685,13.0
21686,13.0
21687,13.0
21688,13.0
21689,13.0
21690,13.0
21691,13.0
21692,13.0
21693,13.0
21694,13.0
21695,13.0
21696,13.0
21697,13.0
21698,13.0
21699,13.0
21700,13.0
21701,13.0
21702,13.0
21703,13.0
21704,13.0
21705,13.0
21706,13.0
21707,13.0
21708,13.0
21709,13.0
21710,13.0
21711,13.0
21712,13.0
21713,13.0
21714,13.0
21715,13.0
21716,13.0
21717,13.0
21718,13.0
21719,13.0
21720,13.0
21721,13.0
21722,13.0
21723,13.0
21724,13.0
21725,13.0
21726,13.0
21727,13.0
21728,13.0
21729,13.0
21730,13.0
21731,13.0
21732,13.0
21733,13.0
21734,13.0
21735,13.0
21736,13.0
21737,13.0
21738,13.0
21739,13.0
21740,13.0
21741,13.0
21742,13.0
21743,13.0
21744,13.0
21745,13.0
21746,13.0
21747,13.0
21748,13.0
21749,13.0
21750,13.0
21751,13.0
21752,13.0
21753,13.0
21754,13.0
21755,13.0
21756,13.0
21757,13.0
21758,13.0
21759,13.0
21760,13.0
21761,13.0
21762,13.0
21763,13.0
21764,13.0
21765,13.0
21766,13.0
21767,13.0
21768,13.0
21769,13.0
21770,13.0
21771,13.0
21772,13.0
21773,13.0
21774,13.0
21775,13.0
21776,13.0
21777,13.0
21778,13.0
21779,13.0
21780,13.0
21781,13.0
21782,13.0
21783,13.0
21784,13.0
21785,13.0
21786,13.0
21787,13.0
21788,13.0
21789,13.0
21790,13.0
21791,13.0
21792,13.0
21793,13.0
21794,13.0
21795,13.0
21796,13.0
21797,13.0
21798,13.0
21799,13.0
21800,13.0
21801,13.0
21802,13.0
21803,13.0
21804,13.0
21805,13.0
21806,13.0
21807,13.0
21808,13.0
21809,13.0
21810,13.0
21811,13.0
21812,13.0
21813,13.0
21814,13.0
21815,13.0
21816,13.0
21817,13.0
21818,13.0
21819,13.0
21820,13.0
21821,13.0
21822,13.0
21823,13.0
21824,13.0
21825,13.0
21826,13.0
21827,13.0
21828,13.0
21829,13.0
21830,13.0
21831,13.0
21832,13.0
21833,13.0
21834,13.0
21835,13.0
21836,13.0
21837,13.0
21838,13.0
21839,13.0
21840,13.0
21841,13.0
21842,13.0
21843,13.0
21844,13.0
21845,13.0
21846,13.0
21847,13.0
21848,13.0
21849,13.0
21850,13.0
21851,13.0
21852,13.0
21853,13.0
21854,13.0
21855,13.0
21856,13.0
21857,13.0
21858,13.0
21859,13.0
21860,13.0
21861,13.0
21862,13.0
21863,13.0
21864,13.0
21865,13.0
21866,13.0
21867,13.0
21868,13.0
21869,13.0
21870,13.0
21871,13.0
21872,13.0
21873,13.0
21874,13.0
21875,13.0
21876,13.0
21877,13.0
21878,13.0
21879,13.0
21880,13.0
21881,13.0
21882,13.0
21883,13.0
21884,13.0
21885,13.0
21886,13.0
21887,13.0
21888,13.0
21889,13.0
21890,13.0
21891,13.0
21892,13.0
21893,13.0
21894,13.0
21895,13.0
21896,13.0
21897,13.0
21898,13.0
21899,13.0
21900,13.0
21901,13.0
21902,13.0
21903,13.0
21904,13.0
21905,13.0
21906,13.0
21907,13.0
21908,13.0
21909,13.0
21910,13.0
21911,13.0
21912,13.0
21913,13.0
21914,13.0
21915,13.0
21916,13.0
21917,13.0
21918,13.0
21919,13.0
21920,13.0
21921,13.0
21922,13.0
21923,13.0
21924,13.0
21925,13.0
21926,13.0
21927,13.0
21928,13.0
21929,13.0
21930,13.0
21931,13.0
21932,13.0
21933,13.0
21934,13.0
21935,13.0
21936,13.0
21937,13.0
21938,13.0
21939,13.0
21940,13.0
21941,13.0
21942,13.0
21943,13.0
21944,13.0
21945,13.0
21946,13.0
21947,13.0
21948,13.0
21949,13.0
21950,13.0
21951,13.0
21952,13.0
21953,13.0
21954,13.0
21955,13.0
21956,13.0
21957,13.0
21958,13.0
21959,13.0
21960,13.0
21961,13.0
21962,13.0
21963,13.0
21964,13.0
21965,13.0
21966,13.0
21967,13.0
21968,13.0
21969,13.0
21970,13.0
21971,13.0
21972,13.0
21973,13.0
21974,13.0
21975,13.0
21976,13.0
21977,13.0
21978,13.0
21979,13.0
21980,13.0
21981,13.0
21982,13.0
21983,13.0
21984,13.0
21985,13.0
21986,13.0
21987,13.0
21988,13.0
21989,13.0
21990,13.0
21991,13.0
21992,13.0
21993,13.0
21994,13.0
21995,13.0
21996,13.0
21997,13.0
21998,13.0
21999,13.0
22000,13.0
22001,13.0
22002,13.0
22003,13.0
22004,13.0
22005,13.0
22006,13.0
22007,13.0
22008,13.0
22009,13.0
22010,13.0
22011,13.0
22012,13.0
22013,13.0
22014,13.0
22015,13.0
22016,13.0
22017,13.0
22018,13.0
22019,13.0
22020,13.0
22021,13.0
22022,13.0
22023,13.0
22024,13.0
22025,13.0
22026,13.0
22027,13.0
22028,13.0
22029,13.0
22030,13.0
22031,13.0
22032,13.0
22033,13.0
22034,13.0
22035,13.0
22036,13.0
22037,13.0
22038,13.0
22039,13.0
22040,13.0
22041,13.0
22042,13.0
22043,13.0
22044,13.0
22045,13.0
22046,13.0
22047,13.0
22048,13.0
22049,13.0
22050,13.0
22051,13.0
22052,13.0
22053,13.0
22054,13.0
22055,13.0
22056,13.0
22057,13.0
22058,13.0
22059,13.0
22060,13.0
22061,13.0
22062,13.0
22063,13.0
22064,13.0
22065,13.0
22066,13.0
22067,13.0
22068,13.0
22069,13.0
22070,13.0
22071,13.0
22072,13.0
22073,13.0
22074,13.0
22075,13.0
22076,13.0
22077,13.0
22078,13.0
22079,13.0
22080,13.0
22081,13.0
22082,13.0
22083,13.0
22084,13.0
22085,13.0
22086,13.0
22087,13.0
22088,13.0
22089,13.0
22090,13.0
22091,13.0
22092,13.0
22093,13.0
22094,13.0
22095,13.0
22096,13.0
22097,13.0
22098,13.0
22099,13.0
22100,13.0
22101,13.0
22102,13.0
22103,13.0
22104,13.0
22105,13.0
22106,13.0
22107,13.0
22108,13.0
22109,13.0
22110,13.0
22111,13.0
22112,13.0
22113,13.0
22114,13.0
22115,13.0
22116,13.0
22117,13.0
22118,13.0
22119,13.0
22120,13.0
22121,13.0
22122,13.0
22123,13.0
22124,13.0
22125,13.0
22126,13.0
22127,13.0
22128,13.0
22129,13.0
22130,13.0
22131,13.0
22132,13.0
22133,13.0
22134,13.0
22135,13.0
22136,13.0
22137,13.0
22138,13.0
22139,13.0
22140,13.0
22141,13.0
22142,13.0
22143,13.0
22144,13.0
22145,13.0
22146,13.0
22147,13.0
22148,13.0
22149,13.0
22150,13.0
22151,13.0
22152,13.0
22153,13.0
22154,13.0
22155,13.0
22156,13.0
22157,13.0
22158,13.0
22159,13.0
22160,13.0
22161,13.0
22162,13.0
22163,13.0
22164,13.0
22165,13.0
22166,13.0
22167,13.0
22168,13.0
22169,13.0
22170,13.0
22171,13.0
22172,13.0
22173,13.0
22174,13.0
22175,13.0
22176,13.0
22177,13.0
22178,13.0
22179,13.0
22180,13.0
22181,13.0
22182,13.0
22183,13.0
22184,13.0
22185,13.0
22186,13.0
22187,13.0
22188,13.0
22189,13.0
22190,13.0
22191,13.0
22192,13.0
22193,13.0
22194,13.0
22195,13.0
22196,13.0
22197,13.0
22198,13.0
22199,13.0
22200,13.0
22201,13.0
22202,13.0
22203,13.0
22204,13.0
22205,13.0
22206,13.0
22207,13.0
22208,13.0
22209,13.0
22210,13.0
22211,13.0
22212,13.0
22213,13.0
22214,13.0
22215,13.0
22216,13.0
22217,13.0
22218,13.0
22219,13.0
22220,13.0
22221,13.0
22222,13.0
22223,13.0
22224,13.0
22225,13.0
22226,13.0
22227,13.0
22228,13.0
22229,13.0
22230,13.0
22231,13.0
22232,13.0
22233,13.0
22234,13.0
22235,13.0
22236,13.0
22237,13.0
22238,13.0
22239,13.0
22240,13.0
22241,13.0
22242,13.0
22243,13.0
22244,13.0
22245,13.0
22246,13.0
22247,13.0
22248,13.0
22249,13.0
22250,13.0
22251,13.0
22252,13.0
22253,13.0
22254,13.0
22255,13.0
22256,13.0
22257,13.0
22258,13.0
22259,13.0
22260,13.0
22261,13.0
22262,13.0
22263,13.0
22264,13.0
22265,13.0
22266,13.0
22267,13.0
22268,13.0
22269,13.0
22270,13.0
22271,13.0
22272,13.0
22273,13.0
22274,13.0
22275,13.0
22276,13.0
22277,13.0
22278,13.0
22279,13.0
22280,13.0
22281,13.0
22282,13.0
22283,13.0
22284,13.0
22285,13.0
22286,13.0
22287,13.0
22288,13.0
22289,13.0
22290,13.0
22291,13.0
22292,13.0
22293,13.0
22294,13.0
22295,13.0
22296,13.0
22297,13.0
22298,13.0
22299,13.0
22300,13.0
22301,13.0
22302,13.0
22303,13.0
22304,13.0
22305,13.0
22306,13.0
22307,13.0
22308,13.0
22309,13.0
22310,13.0
22311,13.0
22312,13.0
22313,13.0
22314,13.0
22315,13.0
22316,13.0
22317,13.0
22318,13.0
22319,13.0
22320,13.0
22321,13.0
22322,13.0
22323,13.0
22324,13.0
22325,13.0
22326,13.0
22327,13.0
22328,13.0
22329,13.0
22330,13.0
22331,13.0
22332,13.0
22333,13.0
22334,13.0
22335,13.0
22336,13.0
22337,13.0
22338,13.0
22339,13.0
22340,13.0
22341,13.0
22342,13.0
22343,13.0
22344,13.0
22345,13.0
22346,13.0
22347,13.0
22348,13.0
22349,13.0
22350,13.0
22351,13.0
22352,13.0
22353,13.0
22354,13.0
22355,13.0
22356,13.0
22357,13.0
22358,13.0
22359,13.0
22360,13.0
22361,13.0
22362,13.0
22363,13.0
22364,13.0
22365,13.0
22366,13.0
22367,13.0
22368,13.0
22369,13.0
22370,13.0
22371,13.0
22372,13.0
22373,13.0
22374,13.0
22375,13.0
22376,13.0
22377,13.0
22378,13.0
22379,13.0
22380,13.0
22381,13.0
22382,13.0
22383,13.0
22384,13.0
22385,13.0
22386,13.0
22387,13.0
22388,13.0
22389,13.0
22390,13.0
22391,13.0
22392,13.0
22393,13.0
22394,13.0
22395,13.0
22396,13.0
22397,13.0
22398,13.0
22399,13.0
22400,13.0
22401,13.0
22402,13.0
22403,13.0
22404,13.0
22405,13.0
22406,13.0
22407,13.0
22408,13.0
22409,13.0
22410,13.0
22411,13.0
22412,13.0
22413,13.0
22414,13.0
22415,13.0
22416,13.0
22417,13.0
22418,13.0
22419,13.0
22420,13.0
22421,13.0
22422,13.0
22423,13.0
22424,13.0
22425,13.0
22426,13.0
22427,13.0
22428,13.0
22429,13.0
22430,13.0
22431,13.0
22432,13.0
22433,13.0
22434,13.0
22435,13.0
22436,13.0
22437,13.0
22438,13.0
22439,13.0
22440,13.0
22441,13.0
22442,13.0
22443,13.0
22444,13.0
22445,13.0
22446,13.0
22447,13.0
22448,13.0
22449,13.0
22450,13.0
22451,13.0
22452,13.0
22453,13.0
22454,13.0
22455,13.0
22456,13.0
22457,13.0
22458,13.0
22459,13.0
22460,13.0
22461,13.0
22462,13.0
22463,13.0
22464,13.0
22465,13.0
22466,13.0
22467,13.0
22468,13.0
22469,13.0
22470,13.0
22471,13.0
22472,13.0
22473,13.0
22474,13.0
22475,13.0
22476,13.0
22477,13.0
22478,13.0
22479,13.0
22480,13.0
22481,13.0
22482,13.0
22483,13.0
22484,13.0
22485,13.0
22486,13.0
22487,13.0
22488,13.0
22489,13.0
22490,13.0
22491,13.0
22492,13.0
22493,13.0
22494,13.0
22495,13.0
22496,13.0
22497,13.0
22498,13.0
22499,13.0
22500,13.0
22501,13.0
22502,13.0
22503,13.0
22504,13.0
22505,13.0
22506,13.0
22507,13.0
22508,13.0
22509,13.0
22510,13.0
22511,13.0
22512,13.0
22513,13.0
22514,13.0
22515,13.0
22516,13.0
22517,13.0
22518,13.0
22519,13.0
22520,13.0
22521,13.0
22522,13.0
22523,13.0
22524,13.0
22525,13.0
22526,13.0
22527,13.0
22528,13.0
22529,13.0
22530,13.0
22531,13.0
22532,13.0
22533,13.0
22534,13.0
22535,13.0
22536,13.0
22537,13.0
22538,13.0
22539,13.0
22540,13.0
22541,13.0
22542,13.0
22543,13.0
22544,13.0
22545,13.0
22546,13.0
22547,13.0
22548,13.0
22549,13.0
22550,13.0
22551,13.0
22552,13.0
22553,13.0
22554,13.0
22555,13.0
22556,13.0
22557,13.0
22558,13.0
22559,13.0
22560,13.0
22561,13.0
22562,13.0
22563,13.0
22564,13.0
22565,13.0
22566,13.0
22567,13.0
22568,13.0
22569,13.0
22570,13.0
22571,13.0
22572,13.0
22573,13.0
22574,13.0
22575,13.0
22576,13.0
22577,13.0
22578,13.0
22579,13.0
22580,13.0
22581,13.0
22582,13.0
22583,13.0
22584,13.0
22585,13.0
22586,13.0
22587,13.0
22588,13.0
22589,13.0
22590,13.0
22591,13.0
22592,13.0
22593,13.0
22594,13.0
22595,13.0
22596,13.0
22597,13.0
22598,13.0
22599,13.0
22600,13.0
22601,13.0
22602,13.0
22603,13.0
22604,13.0
22605,13.0
22606,13.0
22607,13.0
22608,13.0
22609,13.0
22610,13.0
22611,13.0
22612,13.0
22613,13.0
22614,13.0
22615,13.0
22616,13.0
22617,13.0
22618,13.0
22619,13.0
22620,13.0
22621,13.0
22622,13.0
22623,13.0
22624,13.0
22625,13.0
22626,13.0
22627,13.0
22628,13.0
22629,13.0
22630,13.0
22631,13.0
22632,13.0
22633,13.0
22634,13.0
22635,13.0
22636,13.0
22637,13.0
22638,13.0
22639,13.0
22640,13.0
22641,13.0
22642,13.0
22643,13.0
22644,13.0
22645,13.0
22646,13.0
22647,13.0
22648,13.0
22649,13.0
22650,13.0
22651,13.0
22652,13.0
22653,13.0
22654,13.0
22655,13.0
22656,13.0
22657,13.0
22658,13.0
22659,13.0
22660,13.0
22661,13.0
22662,13.0
22663,13.0
22664,13.0
22665,13.0
22666,13.0
22667,13.0
22668,13.0
22669,13.0
22670,13.0
22671,13.0
22672,13.0
22673,13.0
22674,13.0
22675,13.0
22676,13.0
22677,13.0
22678,13.0
22679,13.0
22680,13.0
22681,13.0
22682,13.0
22683,13.0
22684,13.0
22685,13.0
22686,13.0
22687,13.0
22688,13.0
22689,13.0
22690,13.0
22691,13.0
22692,13.0
22693,13.0
22694,13.0
22695,13.0
22696,13.0
22697,13.0
22698,13.0
22699,13.0
22700,13.0
22701,13.0
22702,13.0
22703,13.0
22704,13.0
22705,13.0
22706,13.0
22707,13.0
22708,13.0
22709,13.0
22710,13.0
22711,13.0
22712,13.0
22713,13.0
22714,13.0
22715,13.0
22716,13.0
22717,13.0
22718,13.0
22719,13.0
22720,13.0
22721,13.0
22722,13.0
22723,13.0
22724,13.0
22725,13.0
22726,13.0
22727,13.0
22728,13.0
22729,13.0
22730,13.0
22731,13.0
22732,13.0
22733,13.0
22734,13.0
22735,13.0
22736,13.0
22737,13.0
22738,13.0
22739,13.0
22740,13.0
22741,13.0
22742,13.0
22743,13.0
22744,13.0
22745,13.0
22746,13.0
22747,13.0
22748,13.0
22749,13.0
22750,13.0
22751,13.0
22752,13.0
22753,13.0
22754,13.0
22755,13.0
22756,13.0
22757,13.0
22758,13.0
22759,13.0
22760,13.0
22761,13.0
22762,13.0
22763,13.0
22764,13.0
22765,13.0
22766,13.0
22767,13.0
22768,13.0
22769,13.0
22770,13.0
22771,13.0
22772,13.0
22773,13.0
22774,13.0
22775,13.0
22776,13.0
22777,13.0
22778,13.0
22779,13.0
22780,13.0
22781,13.0
22782,13.0
22783,13.0
22784,13.0
22785,13.0
22786,13.0
22787,13.0
22788,13.0
22789,13.0
22790,13.0
22791,13.0
22792,13.0
22793,13.0
22794,13.0
22795,13.0
22796,13.0
22797,13.0
22798,13.0
22799,13.0
22800,13.0
22801,13.0
22802,13.0
22803,13.0
22804,13.0
22805,13.0
22806,13.0
22807,13.0
22808,13.0
22809,13.0
22810,13.0
22811,13.0
22812,13.0
22813,13.0
22814,13.0
22815,13.0
22816,13.0
22817,13.0
22818,13.0
22819,13.0
22820,13.0
22821,13.0
22822,13.0
22823,13.0
22824,13.0
22825,13.0
22826,13.0
22827,13.0
22828,13.0
22829,13.0
22830,13.0
22831,13.0
22832,13.0
22833,13.0
22834,13.0
22835,13.0
22836,13.0
22837,13.0
22838,13.0
22839,13.0
22840,13.0
22841,13.0
22842,13.0
22843,13.0
22844,13.0
22845,13.0
22846,13.0
22847,13.0
22848,13.0
22849,13.0
22850,13.0
22851,13.0
22852,13.0
22853,13.0
22854,13.0
22855,13.0
22856,13.0
22857,13.0
22858,13.0
22859,13.0
22860,13.0
22861,13.0
22862,13.0
22863,13.0
22864,13.0
22865,13.0
22866,13.0
22867,13.0
22868,13.0
22869,13.0
22870,13.0
22871,13.0
22872,13.0
22873,13.0
22874,13.0
22875,13.0
22876,13.0
22877,13.0
22878,13.0
22879,13.0
22880,13.0
22881,13.0
22882,13.0
22883,13.0
22884,13.0
22885,13.0
22886,13.0
22887,13.0
22888,13.0
22889,13.0
22890,13.0
22891,13.0
22892,13.0
22893,13.0
22894,13.0
22895,13.0
22896,13.0
22897,13.0
22898,13.0
22899,13.0
22900,13.0
22901,13.0
22902,13.0
22903,13.0
22904,13.0
22905,13.0
22906,13.0
22907,13.0
22908,13.0
22909,13.0
22910,13.0
22911,13.0
22912,13.0
22913,13.0
22914,13.0
22915,13.0
22916,13.0
22917,13.0
22918,13.0
22919,13.0
22920,13.0
22921,13.0
22922,13.0
22923,13.0
22924,13.0
22925,13.0
22926,13.0
22927,13.0
22928,13.0
22929,13.0
22930,13.0
22931,13.0
22932,13.0
22933,13.0
22934,13.0
22935,13.0
22936,13.0
22937,13.0
22938,13.0
22939,13.0
22940,13.0
22941,13.0
22942,13.0
22943,13.0
22944,13.0
22945,13.0
22946,13.0
22947,13.0
22948,13.0
22949,13.0
22950,13.0
22951,13.0
22952,13.0
22953,13.0
22954,13.0
22955,13.0
22956,13.0
22957,13.0
22958,13.0
22959,13.0
22960,13.0
22961,13.0
22962,13.0
22963,13.0
22964,13.0
22965,13.0
22966,13.0
22967,13.0
22968,13.0
22969,13.0
22970,13.0
22971,13.0
22972,13.0
22973,13.0
22974,13.0
22975,13.0
22976,13.0
22977,13.0
22978,13.0
22979,13.0
22980,13.0
22981,13.0
22982,13.0
22983,13.0
22984,13.0
22985,13.0
22986,13.0
22987,13.0
22988,13.0
22989,13.0
22990,13.0
22991,13.0
22992,13.0
22993,13.0
22994,13.0
22995,13.0
22996,13.0
22997,13.0
22998,13.0
22999,13.0
23000,13.0
23001,13.0
23002,13.0
23003,13.0
23004,13.0
23005,13.0
23006,13.0
23007,13.0
23008,13.0
23009,13.0
23010,13.0
23011,13.0
23012,13.0
23013,13.0
23014,13.0
23015,13.0
23016,13.0
23017,13.0
23018,13.0
23019,13.0
23020,13.0
23021,13.0
23022,13.0
23023,13.0
23024,13.0
23025,13.0
23026,13.0
23027,13.0
23028,13.0
23029,13.0
23030,13.0
23031,13.0
23032,13.0
23033,13.0
23034,13.0
23035,13.0
23036,13.0
23037,13.0
23038,13.0
23039,13.0
23040,13.0
23041,13.0
23042,13.0
23043,13.0
23044,13.0
23045,13.0
23046,13.0
23047,13.0
23048,13.0
23049,13.0
23050,13.0
23051,13.0
23052,13.0
23053,13.0
23054,13.0
23055,13.0
23056,13.0
23057,13.0
23058,13.0
23059,13.0
23060,13.0
23061,13.0
23062,13.0
23063,13.0
23064,13.0
23065,13.0
23066,13.0
23067,13.0
23068,13.0
23069,13.0
23070,13.0
23071,13.0
23072,13.0
23073,13.0
23074,13.0
23075,13.0
23076,13.0
23077,13.0
23078,13.0
23079,13.0
23080,13.0
23081,13.0
23082,13.0
23083,13.0
23084,13.0
23085,13.0
23086,13.0
23087,13.0
23088,13.0
23089,13.0
23090,13.0
23091,13.0
23092,13.0
23093,13.0
23094,13.0
23095,13.0
23096,13.0
23097,13.0
23098,13.0
23099,13.0
23100,13.0
23101,13.0
23102,13.0
23103,13.0
23104,13.0
23105,13.0
23106,13.0
23107,13.0
23108,13.0
23109,13.0
23110,13.0
23111,13.0
23112,13.0
23113,13.0
23114,13.0
23115,13.0
23116,13.0
23117,13.0
23118,13.0
23119,13.0
23120,13.0
23121,13.0
23122,13.0
23123,13.0
23124,13.0
23125,13.0
23126,13.0
23127,13.0
23128,13.0
23129,13.0
23130,13.0
23131,13.0
23132,13.0
23133,13.0
23134,13.0
23135,13.0
23136,13.0
23137,13.0
23138,13.0
23139,13.0
23140,13.0
23141,13.0
23142,13.0
23143,13.0
23144,13.0
23145,13.0
23146,13.0
23147,13.0
23148,13.0
23149,13.0
23150,13.0
23151,13.0
23152,13.0
23153,13.0
23154,13.0
23155,13.0
23156,13.0
23157,13.0
23158,13.0
23159,13.0
23160,13.0
23161,13.0
23162,13.0
23163,13.0
23164,13.0
23165,13.0
23166,13.0
23167,13.0
23168,13.0
23169,13.0
23170,13.0
23171,13.0
23172,13.0
23173,13.0
23174,13.0
23175,13.0
23176,13.0
23177,13.0
23178,13.0
23179,13.0
23180,13.0
23181,13.0
23182,13.0
23183,13.0
23184,13.0
23185,13.0
23186,13.0
23187,13.0
23188,13.0
23189,13.0
23190,13.0
23191,13.0
23192,13.0
23193,13.0
23194,13.0
23195,13.0
23196,13.0
23197,13.0
23198,13.0
23199,13.0
23200,13.0
23201,13.0
23202,13.0
23203,13.0
23204,13.0
23205,13.0
23206,13.0
23207,13.0
23208,13.0
23209,13.0
23210,13.0
23211,13.0
23212,13.0
23213,13.0
23214,13.0
23215,13.0
23216,13.0
23217,13.0
23218,13.0
23219,13.0
23220,13.0
23221,13.0
23222,13.0
23223,13.0
23224,13.0
23225,13.0
23226,13.0
23227,13.0
23228,13.0
23229,13.0
23230,13.0
23231,13.0
23232,13.0
23233,13.0
23234,13.0
23235,13.0
23236,13.0
23237,13.0
23238,13.0
23239,13.0
23240,13.0
23241,13.0
23242,13.0
23243,13.0
23244,13.0
23245,13.0
23246,13.0
23247,13.0
23248,13.0
23249,13.0
23250,13.0
23251,13.0
23252,13.0
23253,13.0
23254,13.0
23255,13.0
23256,13.0
23257,13.0
23258,13.0
23259,13.0
23260,13.0
23261,13.0
23262,13.0
23263,13.0
23264,13.0
23265,13.0
23266,13.0
23267,13.0
23268,13.0
23269,13.0
23270,13.0
23271,13.0
23272,13.0
23273,13.0
23274,13.0
23275,13.0
23276,13.0
23277,13.0
23278,13.0
23279,13.0
23280,13.0
23281,13.0
23282,13.0
23283,13.0
23284,13.0
23285,13.0
23286,13.0
23287,13.0
23288,13.0
23289,13.0
23290,13.0
23291,13.0
23292,13.0
23293,13.0
23294,13.0
23295,13.0
23296,13.0
23297,13.0
23298,13.0
23299,13.0
23300,13.0
23301,13.0
23302,13.0
23303,13.0
23304,13.0
23305,13.0
23306,13.0
23307,13.0
23308,13.0
23309,13.0
23310,13.0
23311,13.0
23312,13.0
23313,13.0
23314,13.0
23315,13.0
23316,13.0
23317,13.0
23318,13.0
23319,13.0
23320,13.0
23321,13.0
23322,13.0
23323,13.0
23324,13.0
23325,13.0
23326,13.0
23327,13.0
23328,13.0
23329,13.0
23330,13.0
23331,13.0
23332,13.0
23333,13.0
23334,13.0
23335,13.0
23336,13.0
23337,13.0
23338,13.0
23339,13.0
23340,13.0
23341,13.0
23342,13.0
23343,13.0
23344,13.0
23345,13.0
23346,13.0
23347,13.0
23348,13.0
23349,13.0
23350,13.0
23351,13.0
23352,13.0
23353,13.0
23354,13.0
23355,13.0
23356,13.0
23357,13.0
23358,13.0
23359,13.0
23360,13.0
23361,13.0
23362,13.0
23363,13.0
23364,13.0
23365,13.0
23366,13.0
23367,13.0
23368,13.0
23369,13.0
23370,13.0
23371,13.0
23372,13.0
23373,13.0
23374,13.0
23375,13.0
23376,13.0
23377,13.0
23378,13.0
23379,13.0
23380,13.0
23381,13.0
23382,13.0
23383,13.0
23384,13.0
23385,13.0
23386,13.0
23387,13.0
23388,13.0
23389,13.0
23390,13.0
23391,13.0
23392,13.0
23393,13.0
23394,13.0
23395,13.0
23396,13.0
23397,13.0
23398,13.0
23399,13.0
